RMSE,MSE,MAE
1.5372460553778213,2.363125434774672,1.051602144884798
