RMSE,MSE,MAE
1.3155476525441672,1.7306656261144686,0.930005368084283
