RMSE,MSE,MAE
12.192249908974452,148.65095784288752,10.665992664434059
