,loss,val_loss
0,0.02229524403810501,0.008321385830640793
1,0.009523678570985794,0.007483093533664942
2,0.008946199901401997,0.007507252972573042
3,0.008643053472042084,0.007535464596003294
4,0.008546668104827404,0.008084211498498917
5,0.008902903646230698,0.009914055466651917
6,0.009328620508313179,0.012656412087380886
