RMSE,MSE,MAE
10.058696739248255,101.17738009216346,8.833539118895661
