,loss,val_loss
0,0.06042315065860748,0.019255075603723526
1,0.014631727710366249,0.007286066189408302
2,0.011554019525647163,0.007734097074717283
3,0.010816508904099464,0.00895767007023096
4,0.01057419739663601,0.010144944302737713
5,0.01006041094660759,0.00880120787769556
6,0.009507223032414913,0.007905112579464912
