RMSE,MSE,MAE
1.535092097009511,2.356507746301058,1.0499000706144648
