,loss,val_loss
0,0.00699962954968214,0.0017500530229881406
1,0.0008914261707104743,0.0007038859184831381
2,0.0005642387550324202,0.0005544445593841374
