RMSE,MSE,MAE
1.4075643169233611,1.981237306275928,0.9793155010330756
