RMSE,MSE,MAE
10.059451172844742,101.19255789884747,8.826109593404484
