,loss,val_loss
0,0.09828081727027893,0.03626585751771927
1,0.0225784070789814,0.018175631761550903
2,0.015611398965120316,0.00916247721761465
3,0.013030470348894596,0.008437310345470905
4,0.011905952356755733,0.007103146519511938
5,0.011452781967818737,0.008774340152740479
6,0.010929092764854431,0.007509762886911631
7,0.01050120685249567,0.007118303328752518
8,0.010034657083451748,0.0074476273730397224
9,0.009757679887115955,0.008716052398085594
