,loss,val_loss
0,0.07709425687789917,0.01914147473871708
1,0.015806905925273895,0.009930656291544437
2,0.012743779458105564,0.007008703891187906
3,0.011732040904462337,0.0072830114513635635
4,0.011482545174658298,0.007190638221800327
5,0.010988198220729828,0.007715822663158178
6,0.010727686807513237,0.008715835399925709
7,0.010469022206962109,0.007423026021569967
