RMSE,MSE,MAE
1.6312127668757612,2.6608550908184765,1.09579995454073
