RMSE,MSE,MAE
7.842239195692688,61.5007156024587,6.4617233083630055
