,loss,val_loss
0,0.07106108963489532,0.035172946751117706
1,0.010866542346775532,0.01365860365331173
2,0.006503773853182793,0.00910245906561613
